customer_id,tenure_months,monthly_charges,support_tickets,satisfaction_score,region,plan_type,customer_lifetime_value
200001,36.5,56.94,2,7.9,West,Basic,5942.51
200002,38.3,49.28,1,10.0,East,Basic,6520.87
200003,72.5,63.17,3,7.9,East,Standard,8313.24
200004,25.7,54.87,0,6.7,North,Premium,6620.44
200005,39.2,89.1,0,7.4,West,Standard,7415.85
200006,14.9,57.52,1,6.2,South,Basic,4465.79
200007,18.1,69.63,2,7.6,West,Standard,5487.18
200008,30.7,84.71,1,8.4,West,Standard,7352.25
200009,16.5,89.76,1,6.8,North,Basic,6239.13
200010,43.9,71.55,2,3.7,West,Standard,6072.59
200011,40.2,74.53,1,7.9,East,Standard,7173.97
200012,20.3,50.71,1,7.0,East,Basic,5651.87
200013,26.8,85.39,4,6.7,South,Premium,7140.7
200014,58.1,89.48,3,6.7,South,Basic,7076.23
200015,34.4,36.2,1,8.1,West,Premium,6673.69
200016,84.0,97.97,0,7.1,North,Standard,10691.87
200017,26.8,56.09,1,8.7,East,Basic,5601.83
200018,28.8,78.11,1,8.7,North,Standard,7011.69
200019,30.7,69.32,0,7.3,North,Basic,6576.83
200020,9.9,66.97,2,7.0,East,Basic,5007.58
200021,28.0,64.49,2,7.8,East,Basic,5924.36
200022,27.4,51.13,1,7.4,West,Premium,6977.94
200023,46.2,76.91,2,5.5,East,Premium,7225.07
200024,59.4,63.14,1,9.9,East,Basic,7148.5
200025,25.4,45.74,1,8.5,West,Standard,5705.16
200026,6.5,50.4,2,7.0,East,Premium,5691.69
200027,33.6,46.03,1,5.3,East,Standard,5092.62
200028,16.3,59.08,2,7.4,West,Basic,4154.6
200029,35.3,76.25,1,6.9,West,Basic,6415.13
200030,34.8,55.91,2,7.5,West,Basic,5443.07
200031,19.3,84.58,0,5.0,East,Basic,4907.85
200032,33.7,65.97,1,7.0,East,Standard,6586.89
200033,11.1,63.08,1,7.1,East,Standard,5372.18
200034,36.6,68.29,0,7.4,East,Standard,7723.7
200035,48.6,91.72,1,7.3,East,Basic,7541.11
200036,41.2,44.69,2,7.7,North,Standard,6684.97
200037,22.2,96.16,2,9.4,North,Standard,7687.68
200038,46.6,84.32,0,7.0,South,Standard,7406.11
200039,43.6,67.63,1,6.5,North,Basic,6381.08
200040,44.8,88.11,0,5.5,South,Basic,7222.47
200041,63.4,62.52,0,7.0,North,Basic,7881.32
200042,38.6,72.86,1,5.9,North,Basic,5758.86
200043,15.2,58.8,0,8.8,West,Standard,5663.8
200044,17.0,84.43,2,7.5,East,Standard,5856.16
200045,38.6,55.98,1,8.7,West,Basic,6787.12
200046,8.8,67.13,1,9.4,North,Standard,5669.94
200047,27.7,79.55,2,6.6,South,Standard,6565.54
200048,24.6,85.82,0,7.2,North,Standard,7429.63
200049,42.9,54.04,2,9.2,North,Standard,7260.84
200050,13.4,80.8,5,7.8,North,Premium,6378.33
200051,43.4,51.31,1,8.2,East,Standard,7316.22
200052,26.7,31.44,0,8.8,North,Basic,5592.64
200053,37.2,55.28,1,8.7,West,Premium,6889.17
200054,14.2,82.19,2,8.1,East,Basic,5269.26
200055,44.4,67.79,2,9.3,North,Standard,7015.64
200056,53.5,58.91,1,7.5,West,Premium,8496.16
200057,84.0,68.94,1,8.2,South,Basic,8936.48
200058,35.8,68.38,2,7.4,South,Basic,6349.35
200059,52.4,78.57,0,8.8,East,Basic,7771.83
200060,16.4,40.6,1,6.8,East,Premium,5071.47
200061,61.5,66.26,3,5.6,East,Basic,5990.54
200062,11.7,70.11,1,8.4,West,Standard,5693.83
200063,75.1,44.79,2,6.4,South,Basic,6529.32
200064,33.7,44.56,1,6.3,South,Basic,5542.75
200065,12.5,61.8,2,9.1,West,Basic,5920.69
200066,25.0,68.14,1,8.8,East,Standard,6501.7
200067,52.1,68.2,0,7.2,West,Basic,6132.85
200068,28.0,58.54,1,3.9,West,Premium,5491.85
200069,27.8,57.85,2,8.2,East,Standard,6681.74
200070,49.4,61.28,1,8.4,East,Premium,8221.32
200071,29.4,73.07,3,8.2,South,Basic,5653.52
200072,59.4,89.16,1,8.2,North,Standard,8716.64
200073,21.8,30.25,1,7.4,South,Basic,3992.33
200074,9.3,78.59,2,7.1,South,Standard,5068.07
200075,30.4,66.11,3,6.3,East,Standard,6723.89
200076,32.6,76.94,2,6.8,East,Basic,6763.99
200077,21.3,88.15,1,8.0,West,Premium,7322.58
200078,36.6,55.16,3,8.0,North,Basic,5186.05
200079,10.4,84.05,1,8.5,South,Basic,5871.04
200080,37.2,46.68,1,5.9,South,Standard,5569.06
200081,14.7,70.17,1,5.6,East,Standard,5781.54
200082,12.4,63.88,4,7.1,North,Basic,5128.62
200083,32.1,68.79,2,6.4,South,Premium,6245.37
200084,11.8,51.19,4,7.8,East,Basic,4812.3
200085,7.1,75.43,0,6.0,South,Standard,5326.41
200086,40.0,94.97,2,9.0,East,Basic,7754.43
200087,15.9,51.48,0,6.6,South,Basic,4591.83
200088,42.4,71.22,0,9.5,South,Standard,8118.08
200089,26.1,82.55,3,8.2,West,Standard,5697.35
200090,32.0,62.96,1,6.3,North,Standard,6769.37
200091,52.6,91.13,3,10.0,South,Basic,7448.46
200092,38.8,60.7,0,7.9,West,Basic,6500.3
200093,42.9,66.02,0,7.8,North,Premium,8798.67
200094,42.0,51.12,1,7.5,South,Basic,5502.51
200095,20.1,70.15,1,8.2,South,Standard,5820.52
200096,37.8,68.05,1,8.2,East,Basic,6395.98
200097,17.2,78.81,0,6.6,East,Basic,5588.82
200098,37.8,57.18,1,7.3,East,Basic,5545.72
200099,25.4,56.41,2,7.7,West,Basic,5400.36
200100,28.5,75.86,2,8.3,South,Standard,6673.79
200101,70.4,91.75,1,8.3,South,Basic,8693.77
200102,41.0,78.69,0,7.8,West,Standard,7295.65
200103,21.0,99.41,0,6.9,North,Basic,6522.25
200104,10.4,77.44,1,6.9,West,Basic,5289.23
200105,32.6,76.83,2,6.2,West,Basic,5783.83
200106,11.3,79.55,1,8.3,West,Basic,5722.48
200107,75.4,93.3,0,6.9,North,Basic,8693.88
200108,29.0,89.04,2,7.4,East,Basic,6563.01
200109,49.7,49.56,5,7.9,West,Basic,5252.46
200110,13.0,81.61,2,7.6,South,Basic,5350.57
200111,40.4,72.51,1,7.6,East,Basic,6506.7
200112,55.5,64.7,1,6.5,North,Basic,6979.55
200113,42.3,37.86,0,7.9,North,Basic,6658.21
200114,47.6,41.82,2,7.2,West,Basic,5152.6
200115,38.4,61.8,2,7.5,West,Basic,5002.34
200116,24.0,43.1,3,9.0,North,Standard,5576.35
200117,17.6,62.16,1,8.2,North,Basic,5283.02
200118,19.5,80.14,0,6.9,East,Premium,5984.32
200119,76.3,58.12,0,7.4,North,Basic,8821.12
200120,34.6,69.42,2,9.5,East,Basic,6846.3
200121,58.3,49.81,2,7.2,East,Standard,7234.92
200122,21.8,73.08,2,7.6,South,Basic,5399.13
200123,46.1,76.64,1,8.4,East,Basic,7384.85
200124,16.9,43.81,2,7.9,North,Premium,5961.61
200125,26.5,55.22,2,7.2,South,Standard,5926.94
200126,23.3,46.46,2,6.7,West,Standard,5323.2
200127,71.6,76.66,2,7.6,North,Basic,8120.28
200128,18.7,70.79,4,8.4,South,Basic,5157.68
200129,43.2,67.15,0,9.2,East,Basic,7801.09
200130,38.9,65.82,3,5.8,North,Standard,6409.95
200131,13.8,73.49,0,9.7,South,Basic,5670.36
200132,58.7,73.83,0,7.3,West,Standard,8230.76
200133,62.5,59.58,1,8.7,South,Premium,8725.26
200134,34.7,57.19,0,6.7,South,Premium,6885.9
200135,31.5,67.0,5,5.7,North,Basic,5074.49
200136,9.1,64.77,1,6.0,East,Standard,4775.71
200137,12.4,103.03,3,7.2,South,Standard,6345.23
200138,26.1,61.47,0,8.2,West,Standard,6080.82
200139,17.2,72.92,1,7.6,North,Premium,7078.51
200140,49.7,75.92,0,7.3,West,Standard,7508.58
200141,12.1,91.81,2,8.9,West,Standard,7172.54
200142,11.4,54.21,0,7.6,West,Basic,5685.72
200143,41.1,90.77,4,7.9,East,Standard,6832.23
200144,37.4,65.49,4,10.0,North,Standard,7160.9
200145,33.3,110.52,0,7.6,South,Standard,7937.67
200146,46.1,74.16,1,6.8,South,Standard,7276.31
200147,20.7,47.11,2,8.2,North,Basic,5275.23
200148,24.0,64.65,3,8.5,South,Standard,5768.04
200149,36.8,90.72,0,8.0,East,Premium,8616.36
200150,34.6,69.39,0,7.8,South,Basic,6258.59
200151,18.1,66.99,1,9.4,West,Standard,7208.79
200152,54.2,80.22,1,9.2,East,Standard,8094.73
200153,14.0,62.14,1,7.5,South,Basic,5098.74
200154,25.1,64.42,2,6.8,South,Basic,5392.42
200155,14.7,51.94,2,8.1,East,Standard,5602.5
200156,84.0,97.39,0,6.8,South,Standard,9465.41
200157,31.9,47.22,0,8.7,North,Basic,6782.26
200158,16.5,70.88,2,8.1,East,Premium,5901.88
200159,23.4,76.16,0,10.0,East,Standard,6935.76
200160,36.5,67.77,0,9.4,South,Basic,7067.34
200161,49.5,46.68,2,6.3,South,Basic,5146.93
200162,17.6,51.02,0,7.0,North,Basic,4889.47
200163,64.2,76.88,2,5.3,South,Basic,6613.45
200164,31.2,54.74,0,5.0,North,Basic,5138.16
200165,41.3,32.78,1,7.7,West,Basic,5744.7
200166,22.4,74.58,1,6.2,East,Premium,7199.67
200167,57.6,53.17,0,9.6,South,Standard,7862.74
200168,38.0,78.73,1,9.0,West,Standard,8083.22
200169,21.4,64.57,2,7.3,East,Standard,5287.8
200170,24.2,63.75,2,7.2,North,Standard,6228.75
200171,50.6,68.89,0,9.4,West,Premium,9414.76
200172,40.0,48.65,4,9.7,East,Basic,6270.27
200173,25.7,53.97,1,6.5,South,Standard,6125.44
200174,49.0,63.58,1,6.3,North,Premium,7642.93
200175,35.8,48.55,0,7.2,West,Premium,7425.95
200176,8.0,80.13,1,8.1,North,Basic,5718.29
200177,28.6,62.77,3,7.0,South,Premium,6628.11
200178,50.0,43.36,2,8.1,West,Standard,7189.71
200179,75.1,58.5,1,9.9,West,Basic,7931.75
200180,15.5,69.72,0,5.9,East,Basic,4469.92
200181,48.2,60.42,2,7.1,North,Standard,7838.22
200182,31.1,74.8,2,5.9,South,Basic,5723.7
200183,13.8,77.76,2,6.6,West,Basic,5189.1
200184,14.6,108.83,1,7.2,East,Basic,6516.81
200185,15.9,87.56,1,6.7,West,Premium,6214.93
200186,11.0,40.18,1,8.2,North,Premium,6147.85
200187,13.0,61.88,0,7.8,West,Premium,6412.36
200188,31.8,63.47,0,8.0,North,Standard,7095.69
200189,7.9,77.78,4,7.2,South,Premium,5866.41
200190,17.7,52.13,0,7.3,West,Standard,4301.63
200191,24.4,58.97,2,7.2,South,Standard,5823.93
200192,17.8,46.84,0,7.3,East,Standard,5628.13
200193,12.0,57.76,2,8.1,East,Basic,5065.57
200194,30.5,58.4,4,5.3,West,Standard,5101.24
200195,17.6,62.68,2,7.9,North,Basic,5547.8
200196,18.5,47.83,3,6.6,North,Premium,5881.41
200197,27.8,84.69,0,7.2,East,Basic,6679.24
200198,43.1,76.03,2,5.7,West,Basic,6384.19
200199,20.3,43.37,1,7.2,West,Basic,4896.5
200200,21.0,68.44,1,7.9,South,Basic,6378.28
200201,13.4,41.39,1,8.1,East,Premium,5625.52
200202,49.6,90.82,1,6.2,South,Standard,7433.44
200203,30.8,95.44,0,8.1,South,Basic,7788.56
200204,47.9,67.05,4,9.0,North,Standard,7316.87
200205,52.2,53.51,3,7.0,North,Standard,7210.09
200206,20.2,56.71,1,7.6,North,Basic,5603.04
200207,83.5,60.29,0,5.1,South,Basic,7331.07
200208,45.9,66.18,1,6.5,South,Basic,6624.99
200209,32.6,91.3,1,7.9,West,Standard,7743.86
200210,21.3,84.25,2,8.7,North,Standard,6466.16
200211,19.3,84.51,1,6.9,West,Basic,6005.83
200212,30.3,70.9,1,10.0,West,Standard,6919.27
200213,34.6,48.39,0,8.0,South,Standard,6831.64
200214,6.5,54.91,2,6.1,East,Basic,4818.94
200215,23.2,69.03,0,9.1,South,Standard,7549.59
200216,33.8,47.58,2,6.1,North,Basic,5408.67
200217,38.4,73.17,0,8.0,East,Basic,6665.83
200218,27.7,81.69,0,6.5,East,Basic,6416.49
200219,37.7,77.27,0,6.0,South,Basic,5858.6
200220,19.3,76.59,3,8.8,West,Standard,7340.59
200221,37.2,36.27,1,7.3,East,Standard,6348.68
200222,34.4,90.67,0,9.7,South,Basic,7616.78
200223,51.8,41.35,0,6.4,North,Premium,7932.87
200224,66.0,65.4,4,5.7,West,Basic,6244.35
200225,52.5,78.52,3,7.0,West,Basic,6343.22
200226,25.7,74.1,0,10.0,East,Standard,6496.42
200227,13.9,46.28,2,8.6,West,Standard,5371.1
200228,17.7,49.33,0,8.3,South,Premium,6305.47
200229,65.1,72.88,0,8.3,North,Basic,8519.07
200230,31.3,76.68,2,7.0,West,Basic,6050.45
200231,35.2,49.18,0,10.0,East,Standard,7250.07
200232,47.9,74.67,2,8.1,East,Standard,7864.65
200233,30.2,42.24,0,8.0,East,Standard,5503.18
200234,56.9,78.61,3,8.8,East,Standard,8368.33
200235,12.8,52.97,1,6.1,North,Basic,4554.11
200236,39.4,69.37,3,6.5,East,Standard,6620.21
200237,76.2,66.51,1,7.3,North,Standard,9106.33
200238,59.4,87.73,1,8.8,North,Standard,9446.47
200239,61.3,72.12,4,6.0,North,Basic,6845.73
200240,12.0,57.82,1,7.5,South,Premium,6110.23
200241,34.1,74.11,3,7.3,West,Standard,6908.16
200242,28.0,104.42,5,5.7,North,Basic,5493.45
200243,17.7,80.58,0,7.0,South,Basic,5377.61
200244,34.4,66.99,0,8.3,East,Standard,6998.05
200245,14.0,53.83,0,5.8,West,Premium,5361.35
200246,37.7,57.52,2,9.3,East,Standard,6748.69
200247,16.8,79.56,0,8.2,West,Premium,7308.39
200248,36.6,52.94,3,8.0,East,Basic,5645.38
200249,18.2,68.05,5,7.6,East,Basic,4803.54
200250,24.8,92.44,2,6.3,South,Standard,6892.14
200251,23.4,70.56,5,6.8,South,Basic,4980.47
200252,27.7,49.65,1,8.0,South,Basic,5296.5
200253,29.4,105.02,0,6.8,West,Standard,7571.3
200254,23.5,97.96,2,7.8,East,Basic,6568.67
200255,15.7,76.52,1,6.5,West,Basic,5429.87
200256,53.7,89.69,3,8.1,East,Basic,8554.51
200257,30.1,63.46,3,8.2,East,Basic,5103.89
200258,34.8,80.32,0,5.6,North,Basic,6180.86
200259,23.5,60.8,0,7.7,South,Basic,5138.36
200260,84.0,44.96,2,5.8,East,Premium,8316.03
200261,31.6,112.06,1,5.4,North,Standard,7808.13
200262,55.2,44.09,0,6.9,West,Standard,6684.99
200263,25.1,73.06,6,10.0,North,Basic,6333.56
200264,40.3,72.86,1,8.5,North,Basic,7290.16
200265,27.0,76.77,2,9.3,East,Premium,8099.56
200266,50.3,66.48,0,8.3,North,Standard,8546.56
200267,22.0,66.65,1,7.8,East,Standard,5401.25
200268,14.5,70.35,3,8.7,North,Basic,5929.47
200269,34.7,76.16,2,6.8,North,Standard,6384.73
200270,52.2,67.97,1,8.2,East,Standard,7792.79
200271,27.5,66.84,4,9.0,South,Basic,5520.05
200272,21.7,45.54,2,8.4,East,Standard,5583.32
200273,12.8,102.23,4,9.1,North,Basic,5975.87
200274,52.6,77.11,0,7.8,East,Standard,8516.3
200275,17.3,71.55,0,9.6,South,Basic,5625.58
200276,23.3,57.38,1,7.4,North,Standard,6499.29
200277,23.0,50.94,0,10.0,East,Standard,5993.79
200278,28.8,82.62,3,8.3,East,Basic,6263.6
200279,40.1,65.28,0,7.1,West,Premium,8473.24
200280,80.5,78.56,2,6.2,West,Basic,8945.97
200281,35.6,45.01,2,6.6,East,Premium,5714.53
200282,12.9,94.3,1,6.4,North,Standard,6359.91
200283,28.0,83.32,2,7.5,East,Premium,7266.38
200284,35.9,66.62,1,6.1,East,Standard,7363.81
200285,57.4,75.95,3,9.2,West,Standard,8009.19
200286,53.7,80.6,2,7.7,East,Basic,7747.62
200287,27.3,45.27,0,7.7,North,Standard,6375.05
200288,31.1,96.52,0,6.2,West,Premium,7557.61
200289,33.7,76.22,0,6.7,West,Standard,6182.25
200290,31.2,56.03,1,4.9,North,Standard,5587.4
200291,27.9,49.36,2,9.5,East,Standard,7237.29
200292,67.0,84.78,2,5.9,East,Basic,7615.58
200293,19.4,71.59,0,6.0,East,Basic,5935.4
200294,48.6,76.2,2,9.3,West,Standard,7306.26
200295,43.8,68.45,5,8.1,North,Standard,6695.54
200296,27.3,50.95,1,7.7,North,Standard,6582.72
200297,18.7,76.65,1,8.0,North,Standard,6298.73
200298,30.0,64.64,2,8.7,West,Basic,6041.42
200299,41.1,67.63,2,7.7,North,Basic,6239.93
200300,3.5,108.41,2,5.7,East,Basic,5880.98
200301,14.0,82.77,5,8.5,West,Basic,5499.54
200302,5.3,83.76,4,8.1,West,Standard,5924.38
200303,35.0,114.25,2,9.0,North,Standard,9049.8
200304,34.1,74.54,2,6.1,North,Premium,7264.27
200305,15.0,70.04,1,6.7,West,Basic,5686.42
200306,17.8,56.45,1,8.1,East,Standard,5611.84
200307,33.0,60.31,1,6.5,North,Standard,6716.32
200308,10.2,33.2,1,4.8,North,Basic,2836.64
200309,42.5,81.44,1,7.8,West,Standard,7297.83
200310,25.5,46.46,3,8.7,West,Premium,7335.23
200311,28.9,83.35,1,7.4,East,Basic,6703.12
200312,30.3,67.27,1,8.3,South,Standard,6846.71
200313,13.0,70.18,0,8.1,East,Basic,5379.09
200314,30.4,67.28,1,7.6,North,Basic,5846.88
200315,39.7,91.56,3,7.8,West,Basic,6758.0
200316,18.9,88.56,1,9.2,North,Basic,6872.07
200317,17.6,67.51,0,6.4,North,Standard,7010.26
200318,77.8,52.72,0,8.5,South,Basic,8265.29
200319,16.5,83.71,1,6.2,North,Standard,6454.11
200320,22.6,51.43,0,6.6,South,Premium,6268.67
200321,60.6,41.57,2,9.0,East,Premium,8279.62
200322,9.7,76.47,2,6.1,South,Basic,4173.13
200323,26.9,88.71,1,7.3,East,Basic,5688.16
200324,39.2,61.11,1,10.0,North,Basic,7419.16
200325,27.9,74.88,2,8.8,South,Basic,6168.41
200326,8.7,60.93,0,6.7,East,Basic,4348.56
200327,13.9,80.27,3,6.9,East,Standard,4888.9
200328,7.7,86.62,2,7.4,North,Standard,6637.83
200329,25.8,63.53,1,9.2,West,Basic,5935.81
200330,36.0,50.53,0,6.4,North,Basic,6058.62
200331,18.8,43.23,1,6.3,North,Premium,5877.95
200332,23.6,83.74,0,8.5,North,Premium,8170.48
200333,23.5,48.68,0,5.6,East,Standard,5149.05
200334,55.2,74.32,0,6.5,North,Standard,7980.72
200335,32.8,81.22,0,7.5,North,Standard,7785.54
200336,30.3,59.48,0,7.6,South,Basic,5687.12
200337,50.3,65.17,1,6.0,South,Premium,7330.32
200338,11.4,84.98,1,8.0,North,Basic,6420.67
200339,32.5,54.26,3,8.3,East,Standard,6374.59
200340,20.7,52.53,0,6.8,East,Basic,4691.42
200341,59.3,64.02,0,9.6,North,Standard,8658.54
200342,50.6,89.72,0,8.0,North,Standard,8467.37
200343,20.7,95.38,5,6.4,South,Standard,5840.88
200344,24.4,66.32,2,9.5,West,Basic,6696.56
200345,15.8,55.89,3,7.0,West,Standard,5255.57
200346,46.2,86.09,3,7.8,South,Standard,8264.23
200347,40.7,39.62,0,7.0,West,Standard,6303.65
200348,25.3,72.21,3,8.3,South,Standard,6114.87
200349,25.1,67.25,0,7.0,South,Standard,6226.1
200350,21.8,90.0,0,7.1,West,Standard,7059.3
200351,57.3,91.72,2,7.4,East,Basic,7842.34
200352,26.6,51.98,0,7.0,East,Standard,5580.69
200353,22.3,70.85,0,8.9,East,Basic,6245.43
200354,43.7,58.3,2,6.1,West,Standard,6000.98
200355,5.0,63.01,0,7.6,North,Basic,5709.19
200356,24.2,78.5,1,7.7,South,Premium,6429.55
200357,47.0,62.31,0,7.5,South,Basic,6630.03
200358,64.5,71.3,1,8.8,West,Standard,7824.38
200359,19.3,84.27,1,5.8,North,Basic,6076.12
200360,38.1,93.76,1,8.3,North,Premium,8706.61
200361,19.2,72.91,1,6.1,South,Basic,4426.81
200362,81.4,70.0,1,7.0,North,Standard,9317.37
200363,31.4,49.18,0,6.0,East,Basic,4242.12
200364,40.5,94.96,0,7.2,South,Standard,7774.98
200365,5.9,76.43,2,6.9,West,Basic,5231.46
200366,21.6,70.32,0,9.6,East,Standard,7603.82
200367,43.8,69.45,1,7.9,South,Basic,5902.37
200368,11.4,74.13,1,8.1,West,Basic,5386.42
200369,31.4,81.12,0,6.3,North,Basic,7067.45
200370,66.1,83.22,1,8.5,East,Standard,9311.89
200371,45.2,95.38,2,9.6,East,Basic,8408.32
200372,38.9,72.13,0,8.6,North,Premium,9590.9
200373,22.4,97.82,1,6.0,North,Basic,6292.11
200374,13.5,85.98,1,7.0,East,Standard,6483.28
200375,27.8,66.98,1,7.7,East,Basic,5821.61
200376,41.5,39.65,0,6.9,East,Basic,4837.0
200377,15.8,69.45,1,10.0,North,Premium,7594.67
200378,44.9,94.49,1,7.0,North,Standard,7319.13
200379,32.4,54.82,1,7.5,West,Standard,6067.2
200380,17.6,69.4,2,6.9,North,Standard,5393.53
200381,9.4,70.81,5,7.9,West,Basic,4799.19
200382,11.2,84.02,1,9.3,East,Premium,7120.73
200383,27.1,61.41,2,7.7,East,Standard,5385.45
200384,53.1,53.22,2,7.3,South,Premium,7753.29
200385,17.8,77.69,2,6.3,West,Standard,5622.49
200386,57.0,55.36,1,9.1,West,Basic,6998.82
200387,8.6,36.8,0,7.4,East,Standard,4474.15
200388,29.9,99.29,5,7.4,East,Premium,7957.57
200389,28.1,83.76,2,4.8,South,Basic,5488.28
200390,36.1,100.02,4,7.4,North,Basic,6707.05
200391,32.1,82.86,3,7.1,West,Standard,5856.83
200392,22.2,79.57,4,5.4,North,Basic,6271.53
200393,22.3,74.28,1,8.8,South,Basic,6892.46
200394,47.8,64.84,1,7.0,South,Standard,7517.43
200395,30.8,76.71,1,9.9,West,Premium,7908.2
200396,5.6,58.6,0,9.3,East,Standard,5709.28
200397,23.6,49.82,2,6.7,East,Premium,6235.49
200398,24.9,62.35,1,9.2,North,Basic,5970.31
200399,24.8,89.96,3,9.5,North,Basic,6487.63
200400,44.0,47.05,2,6.9,North,Basic,6499.96
200401,20.3,47.32,0,6.4,West,Basic,4849.33
200402,33.6,78.05,2,5.0,North,Standard,5994.09
200403,66.7,60.94,0,8.1,West,Basic,8087.07
200404,53.4,76.25,2,6.4,North,Basic,6816.15
200405,19.2,84.83,2,8.1,West,Standard,5787.49
200406,31.3,75.85,3,6.9,East,Standard,5883.27
200407,3.5,57.25,1,6.7,West,Standard,4703.33
200408,40.2,89.81,1,6.9,East,Standard,7629.1
200409,12.8,80.62,1,6.0,West,Premium,6644.79
200410,28.8,68.46,1,6.9,East,Standard,6914.1
200411,26.6,67.63,4,6.7,South,Premium,6089.95
200412,51.8,74.36,3,7.6,West,Premium,7853.69
200413,33.8,62.7,0,7.7,East,Premium,8042.57
200414,26.5,40.27,1,6.3,North,Basic,5377.92
200415,41.7,80.75,2,8.9,South,Standard,7384.7
200416,56.5,79.74,3,7.4,East,Basic,7238.56
200417,4.5,28.88,1,9.4,West,Basic,4043.47
200418,19.9,76.68,2,7.9,West,Standard,5854.53
200419,67.8,97.86,3,7.7,South,Basic,8966.85
200420,84.0,48.83,2,7.0,East,Standard,7716.96
200421,17.5,66.75,2,8.3,North,Standard,6427.95
200422,47.3,64.91,0,7.6,South,Basic,6070.27
200423,17.5,96.23,5,8.6,West,Premium,7496.72
200424,14.5,87.06,1,9.5,North,Standard,6792.37
200425,27.1,53.07,0,6.7,South,Standard,6506.83
200426,50.4,73.82,1,8.3,North,Basic,8294.11
200427,25.1,107.15,0,8.3,North,Premium,9171.57
200428,50.1,57.38,3,8.1,North,Basic,6643.81
200429,52.7,67.81,2,7.1,North,Premium,8106.62
200430,21.8,76.73,1,7.1,South,Basic,5654.72
200431,21.4,57.63,1,6.9,West,Basic,5364.79
200432,25.5,97.97,1,6.9,North,Basic,6898.48
200433,29.5,59.96,4,6.6,West,Standard,5932.24
200434,27.4,44.39,1,7.5,East,Premium,6049.55
200435,31.1,59.08,3,6.7,North,Standard,6662.55
200436,22.7,79.1,0,8.1,South,Standard,6611.68
200437,13.6,54.43,0,7.7,North,Basic,5089.28
200438,76.5,73.14,1,7.8,West,Premium,9626.16
200439,19.9,77.56,2,7.3,East,Basic,5838.06
200440,9.2,47.45,0,7.7,South,Premium,5096.47
200441,43.5,58.42,0,7.3,North,Standard,7036.28
200442,15.3,73.93,0,8.5,North,Basic,5391.95
200443,41.1,79.94,0,7.1,East,Basic,6659.77
200444,19.3,58.84,1,8.1,North,Standard,5977.31
200445,84.0,70.58,3,6.0,East,Premium,9004.33
200446,61.4,63.17,1,8.5,East,Standard,7670.08
200447,26.2,80.37,1,6.9,East,Premium,7126.36
200448,38.9,76.83,3,6.5,North,Premium,8099.35
200449,34.6,61.65,1,6.2,South,Basic,6385.19
200450,18.9,76.13,2,6.1,South,Standard,5261.83
200451,42.7,60.99,1,7.0,West,Standard,7201.5
200452,30.9,75.78,1,9.4,South,Basic,6789.15
200453,33.5,76.01,3,6.8,South,Standard,5522.04
200454,40.7,108.31,2,4.9,North,Basic,6802.0
200455,27.8,62.28,0,8.0,East,Standard,5368.58
200456,17.4,65.6,3,6.3,East,Standard,5422.78
200457,38.9,57.0,3,8.6,East,Premium,6773.59
200458,44.8,50.44,0,7.1,East,Standard,6795.08
200459,44.9,60.24,4,7.3,West,Standard,7433.68
200460,45.4,79.31,4,9.0,West,Basic,7545.58
200461,36.2,80.54,0,8.3,South,Standard,7132.04
200462,9.6,73.03,4,6.1,North,Basic,4240.72
200463,84.0,62.97,3,6.3,West,Standard,8551.22
200464,44.6,59.61,2,5.5,East,Premium,6498.32
200465,23.5,52.41,3,10.0,West,Standard,6524.44
200466,48.3,58.53,0,6.6,South,Basic,7418.67
200467,14.2,45.98,0,9.0,West,Basic,5546.39
200468,41.3,91.08,3,7.0,North,Standard,8009.37
200469,25.0,99.23,2,6.3,East,Basic,6744.55
200470,14.7,35.09,2,7.6,South,Basic,3804.82
200471,14.6,72.92,2,7.2,North,Basic,5648.02
200472,37.7,72.64,0,8.6,North,Basic,6810.04
200473,40.3,71.55,0,8.6,North,Standard,8381.48
200474,16.7,57.92,5,6.9,North,Standard,4606.45
200475,25.2,85.38,1,5.9,West,Standard,6792.63
200476,35.6,74.98,2,6.2,West,Standard,6978.2
200477,21.5,85.58,1,4.9,West,Basic,5327.73
200478,78.8,55.46,3,7.3,West,Premium,8209.74
200479,38.0,44.49,2,7.6,West,Standard,5955.22
200480,27.9,75.39,3,6.2,West,Premium,6347.98
200481,52.3,51.63,1,6.1,North,Standard,6961.53
200482,39.8,85.93,2,7.6,North,Basic,6700.41
200483,35.8,31.85,1,6.8,West,Standard,5180.21
200484,38.4,60.03,1,7.3,South,Basic,6147.32
200485,45.2,57.53,0,7.2,East,Premium,7953.31
200486,20.3,62.35,2,7.9,East,Standard,5794.51
200487,7.9,72.44,2,6.9,South,Basic,4037.12
200488,54.8,74.74,2,7.0,South,Basic,7282.12
200489,31.0,78.88,1,5.3,East,Standard,6212.09
200490,22.6,80.83,2,7.5,East,Basic,6813.47
200491,17.3,65.08,2,7.7,South,Basic,5043.66
200492,15.9,103.85,3,7.4,East,Premium,7460.38
200493,32.9,91.58,0,9.9,South,Basic,7332.42
200494,29.3,62.7,2,7.8,South,Basic,5653.16
200495,52.7,65.67,1,7.4,East,Basic,8352.58
200496,40.8,62.34,0,8.2,South,Standard,6902.05
200497,44.8,74.18,3,10.0,West,Standard,8211.31
200498,51.2,51.48,3,7.9,South,Standard,6555.29
200499,33.9,54.58,1,4.9,West,Premium,6856.34
200500,65.9,31.15,2,8.1,West,Basic,5562.86
200501,19.6,61.22,2,6.5,West,Basic,5770.4
200502,50.6,86.1,1,5.3,West,Basic,7030.76
200503,7.9,65.41,0,9.6,East,Basic,5651.05
200504,8.2,66.37,0,9.4,East,Basic,6117.57
200505,13.9,72.73,4,6.5,East,Basic,4754.34
200506,28.0,50.96,1,6.5,North,Standard,5482.81
200507,7.2,68.43,1,7.8,North,Basic,4398.29
200508,27.4,83.14,1,6.5,North,Premium,8410.67
200509,23.4,73.21,2,7.4,East,Premium,6874.39
200510,82.5,84.63,2,6.7,North,Standard,8915.92
200511,11.6,89.49,1,7.1,East,Premium,6852.89
200512,32.1,79.26,0,5.9,North,Standard,7657.62
200513,40.3,55.87,1,8.6,North,Basic,6417.78
200514,8.3,62.15,0,9.0,East,Standard,6349.31
200515,63.5,100.84,1,7.5,West,Basic,8311.16
200516,44.2,73.34,2,7.6,South,Standard,6468.44
200517,55.1,71.08,2,8.4,West,Standard,8149.33
200518,34.7,53.38,2,7.6,North,Standard,6881.38
200519,18.4,66.45,0,9.7,South,Basic,5781.57
200520,10.8,80.18,1,6.0,North,Standard,6002.32
200521,46.5,68.25,1,8.6,South,Premium,8137.44
200522,22.8,59.17,0,7.5,North,Basic,6067.27
200523,6.4,63.11,1,6.3,North,Basic,5644.85
200524,24.1,88.26,2,10.0,East,Basic,6743.73
200525,29.2,79.35,2,10.0,East,Premium,7926.9
200526,59.6,77.08,1,7.4,North,Standard,8246.38
200527,25.4,75.49,0,8.1,West,Basic,6026.23
200528,29.3,47.89,3,7.0,East,Standard,4716.54
200529,29.6,72.63,4,7.2,South,Standard,5959.89
200530,50.0,86.16,2,6.2,South,Basic,6964.75
200531,18.7,63.56,0,6.1,South,Premium,6302.99
200532,37.3,84.62,1,9.8,West,Standard,7979.4
200533,21.5,77.27,5,7.6,South,Basic,4679.86
200534,58.9,82.07,3,7.7,North,Premium,8959.52
200535,66.4,68.87,3,6.6,North,Basic,7311.67
200536,32.2,83.07,2,7.8,South,Basic,6511.17
200537,35.8,43.1,2,5.8,South,Basic,4832.4
200538,25.8,68.56,0,6.7,East,Basic,6007.47
200539,8.1,80.12,1,6.2,West,Standard,6245.98
200540,29.7,73.04,1,9.2,South,Basic,6668.27
200541,28.1,86.63,2,5.6,South,Basic,5880.13
200542,23.8,65.33,2,6.2,North,Premium,5930.02
200543,25.5,58.69,1,5.1,South,Basic,5203.62
200544,37.6,40.14,3,6.5,East,Basic,4740.59
200545,35.8,63.36,4,7.0,West,Basic,5495.62
200546,25.9,76.79,1,8.8,East,Premium,7178.61
200547,61.8,80.94,0,7.3,North,Basic,9039.33
200548,7.2,44.21,1,7.1,West,Basic,3197.03
200549,19.3,87.98,0,8.0,West,Premium,8381.6
200550,46.4,51.43,1,7.1,North,Basic,6525.45
200551,9.1,65.94,2,10.0,West,Premium,6007.37
200552,7.1,58.33,1,6.9,East,Standard,6018.4
200553,19.1,75.09,1,8.1,West,Standard,6716.97
200554,28.4,69.6,2,8.6,South,Basic,4942.62
200555,22.0,79.53,0,6.9,North,Premium,7394.05
200556,32.9,99.34,1,7.8,West,Basic,7427.7
200557,7.6,74.76,2,7.0,South,Basic,5525.31
200558,17.9,58.2,2,7.9,West,Standard,5525.91
200559,42.4,75.84,2,7.7,North,Basic,5807.16
200560,37.4,101.07,3,7.4,South,Basic,7413.95
200561,20.1,79.16,2,6.2,East,Standard,6203.91
200562,31.6,84.08,1,9.8,East,Basic,6266.65
200563,28.0,40.91,1,8.3,South,Basic,5283.04
200564,28.5,74.58,2,5.7,East,Standard,6257.99
200565,34.4,63.44,1,7.1,East,Basic,5835.37
200566,68.6,56.44,1,5.7,East,Standard,7033.3
200567,69.4,67.62,0,8.5,South,Standard,8238.75
200568,9.3,69.85,2,7.6,East,Basic,4917.33
200569,25.0,57.39,3,7.6,East,Basic,5300.8
200570,13.5,71.2,2,6.6,West,Basic,5347.55
200571,36.1,65.05,1,7.2,East,Basic,5222.75
200572,25.9,79.94,1,8.5,South,Basic,6428.39
200573,51.1,71.87,1,8.9,North,Standard,8399.22
200574,29.2,74.39,1,8.6,North,Basic,6809.71
200575,63.3,84.65,2,5.7,South,Standard,7503.92
200576,70.9,77.43,0,7.4,East,Basic,8793.62
200577,62.0,67.9,1,7.9,West,Basic,8043.52
200578,5.7,32.52,0,6.7,West,Basic,3741.07
200579,34.2,76.73,3,5.6,East,Basic,5582.91
200580,23.7,52.5,2,6.1,East,Standard,5599.59
200581,25.9,66.53,1,9.4,East,Standard,7397.32
200582,46.4,74.31,0,6.2,South,Premium,7485.29
200583,24.7,90.66,2,7.7,East,Basic,5927.42
200584,30.3,99.32,1,7.4,South,Basic,6929.14
200585,31.3,52.34,1,7.4,South,Premium,6178.39
200586,7.2,45.63,1,7.2,West,Standard,4041.52
200587,22.4,73.54,1,8.5,East,Basic,5814.96
200588,53.1,72.12,2,7.6,North,Basic,7408.09
200589,6.3,47.57,2,6.8,East,Standard,5254.51
200590,39.9,67.72,3,7.7,West,Basic,5816.44
200591,16.7,78.16,3,6.1,North,Standard,5795.45
200592,23.3,47.09,1,8.2,West,Basic,5344.11
200593,44.4,51.09,0,6.8,West,Premium,7089.31
200594,14.2,57.05,1,6.9,East,Standard,5106.25
200595,24.6,64.39,4,8.2,South,Standard,5835.13
200596,9.3,79.8,1,7.1,North,Basic,5175.22
200597,36.9,62.45,2,7.2,North,Standard,6360.27
200598,18.0,68.94,0,9.0,South,Premium,7119.2
200599,11.1,106.19,0,6.4,West,Basic,6466.42
200600,29.2,51.74,1,8.2,West,Standard,5592.26
200601,9.0,56.9,1,8.7,North,Basic,5323.63
200602,22.9,79.53,0,9.0,South,Standard,6495.67
200603,17.0,84.8,2,10.0,South,Standard,6554.75
200604,33.0,75.05,1,6.8,South,Standard,6905.54
200605,33.4,98.75,3,6.6,East,Standard,7035.34
200606,18.9,73.4,1,8.6,West,Basic,6717.56
200607,62.4,34.41,0,8.7,South,Premium,7897.99
200608,51.6,69.65,1,6.7,North,Standard,7978.24
200609,15.4,58.29,0,8.2,East,Basic,5815.69
200610,84.0,91.52,6,10.0,North,Premium,10249.72
200611,43.2,84.4,3,7.7,West,Basic,6232.63
200612,35.1,40.98,1,8.7,West,Basic,5680.63
200613,36.5,90.96,2,9.5,North,Premium,8625.84
200614,12.8,83.97,2,10.0,East,Basic,6029.43
200615,56.3,62.48,1,7.9,West,Basic,7135.03
200616,7.3,66.67,1,9.1,South,Basic,4664.32
200617,36.4,91.67,1,6.7,South,Premium,7516.69
200618,52.0,34.48,2,7.6,West,Basic,5342.14
200619,16.3,75.57,2,7.1,North,Basic,5535.48
200620,44.9,86.59,3,5.3,East,Basic,5982.26
200621,30.9,66.49,3,5.7,North,Basic,5134.57
200622,46.6,79.01,1,8.1,South,Basic,7106.61
200623,50.7,69.75,1,8.1,West,Premium,8185.62
200624,65.6,54.67,2,6.4,East,Standard,7182.25
200625,57.7,54.25,2,9.5,East,Premium,7879.26
200626,8.0,80.1,2,6.3,North,Standard,5432.83
200627,15.7,57.19,0,7.9,West,Basic,6244.41
200628,38.6,42.08,4,7.1,South,Basic,4457.46
200629,51.1,70.08,0,7.7,East,Standard,6892.39
200630,14.3,59.28,1,8.7,North,Basic,5801.76
200631,42.7,47.62,1,8.5,East,Standard,6450.39
200632,60.0,69.22,1,8.4,East,Basic,7680.92
200633,50.0,81.04,0,8.3,South,Standard,8001.32
200634,42.3,68.34,1,6.1,South,Basic,6242.08
200635,28.0,49.87,0,9.0,South,Standard,6282.02
200636,27.2,76.19,2,6.3,East,Premium,6835.51
200637,83.9,85.6,1,7.5,East,Basic,9315.98
200638,1.5,105.62,1,7.2,West,Basic,4986.18
200639,21.2,92.51,3,8.0,North,Basic,5882.95
200640,15.7,50.91,2,7.0,North,Basic,4494.46
200641,11.1,82.59,1,7.4,North,Standard,5755.39
200642,40.9,72.36,0,9.5,North,Premium,8640.41
200643,37.7,48.41,0,6.0,East,Premium,6564.63
200644,29.6,72.82,1,7.6,North,Standard,7399.66
200645,37.7,100.62,1,6.3,North,Standard,7809.5
200646,46.5,88.33,1,8.4,South,Basic,7324.1
200647,25.7,50.77,1,6.7,South,Premium,6026.79
200648,39.3,68.23,3,7.6,East,Standard,6205.0
200649,24.3,76.36,1,6.0,South,Basic,5858.16
200650,40.0,38.59,3,9.1,West,Premium,7358.89
200651,60.2,39.18,1,7.7,North,Standard,6749.02
200652,49.2,70.63,2,7.8,East,Basic,7483.92
200653,72.0,70.85,4,8.6,North,Standard,8133.89
200654,21.3,36.74,1,6.1,West,Basic,4017.82
200655,18.3,74.6,1,6.9,North,Basic,6029.97
200656,37.2,86.48,2,7.8,West,Basic,7040.19
200657,21.7,64.29,0,5.5,East,Standard,5751.43
200658,41.0,69.02,1,5.6,East,Basic,5890.97
200659,33.0,77.71,1,6.6,East,Basic,6722.67
200660,15.8,75.46,1,6.2,South,Basic,4897.63
200661,38.2,39.63,0,7.2,North,Basic,5823.24
200662,16.6,52.61,2,8.2,West,Standard,6257.03
200663,62.6,61.27,2,8.5,West,Standard,7258.6
200664,26.0,53.37,0,9.8,North,Basic,6244.33
200665,18.2,92.94,1,7.6,North,Basic,7010.21
200666,33.6,78.79,0,7.8,South,Basic,6819.37
200667,35.8,49.13,1,7.6,West,Standard,6633.41
200668,20.9,64.36,3,8.0,South,Standard,5106.25
200669,20.2,87.22,2,8.1,East,Basic,6318.93
200670,8.9,57.01,1,8.7,North,Basic,5250.56
200671,47.7,82.48,3,8.7,West,Basic,8122.44
200672,61.7,91.51,0,8.2,North,Standard,9604.85
200673,51.9,88.67,0,9.4,South,Basic,8084.63
200674,17.8,71.07,2,7.6,West,Standard,6137.07
200675,37.6,89.27,0,6.9,East,Standard,7606.06
200676,33.9,59.12,2,7.1,East,Basic,5916.76
200677,10.7,110.26,2,7.5,West,Basic,5981.42
200678,20.8,72.09,5,6.3,North,Premium,6792.77
200679,36.1,87.5,2,6.9,North,Basic,6237.74
200680,6.4,61.85,3,6.2,North,Standard,5035.66
200681,14.2,76.49,3,8.0,South,Standard,5417.93
200682,44.6,77.24,0,8.0,East,Basic,7271.41
200683,17.5,52.21,0,5.5,East,Standard,5640.66
200684,10.8,51.71,0,6.8,South,Basic,3829.97
200685,50.4,64.52,0,9.8,West,Basic,7489.45
200686,17.5,86.79,1,8.4,South,Standard,6076.56
200687,44.8,36.87,2,8.1,North,Premium,7053.84
200688,71.1,61.83,2,6.8,South,Basic,6415.24
200689,13.9,90.27,2,7.9,West,Standard,6594.04
200690,26.6,47.05,1,7.6,South,Basic,4902.17
200691,34.1,89.32,1,6.6,West,Standard,7507.39
200692,49.8,48.83,2,7.0,West,Basic,6475.07
200693,20.7,52.42,0,7.0,West,Basic,5227.67
200694,3.8,65.5,1,5.8,West,Premium,6040.11
200695,13.9,99.85,3,6.0,East,Standard,6715.86
200696,23.3,57.12,2,7.4,West,Basic,4807.8
200697,44.7,38.54,2,6.6,East,Premium,7167.46
200698,26.7,44.17,2,7.2,South,Basic,4708.69
200699,43.1,83.84,6,5.7,North,Standard,6062.14
200700,22.8,44.97,3,8.6,West,Standard,5599.24
200701,32.2,88.2,3,10.0,South,Premium,8072.86
200702,46.6,69.19,3,8.8,West,Basic,6154.27
200703,53.7,67.45,3,9.0,West,Standard,7106.92
200704,79.9,73.05,2,8.4,South,Standard,9379.95
200705,34.8,54.38,3,7.9,South,Basic,5489.64
200706,7.5,70.34,2,7.7,North,Premium,7151.33
200707,38.4,47.72,1,6.5,South,Basic,5142.14
200708,7.1,90.93,0,8.4,East,Basic,5872.04
200709,41.0,50.54,2,8.4,South,Standard,5656.08
200710,31.6,75.46,2,7.0,South,Basic,6253.09
200711,52.1,50.41,1,8.2,East,Standard,7327.08
200712,22.7,58.94,3,6.8,South,Basic,4535.13
200713,32.5,61.64,3,6.8,North,Basic,5315.94
200714,38.8,118.68,2,8.5,North,Standard,9328.3
200715,4.5,67.75,0,8.1,West,Premium,6476.92
200716,37.7,54.03,2,7.3,South,Standard,5993.67
200717,4.9,60.44,1,7.2,North,Basic,4658.94
200718,18.2,42.42,4,7.8,South,Basic,3920.53
200719,35.5,65.23,1,5.4,East,Standard,6412.7
200720,6.1,99.47,0,6.7,East,Premium,6632.94
200721,42.1,73.71,1,6.1,South,Standard,6755.28
200722,40.2,83.36,2,7.6,East,Standard,7731.46
200723,50.8,52.53,2,8.9,East,Basic,6572.04
200724,8.9,64.54,0,8.2,West,Standard,6392.63
200725,78.6,71.47,4,7.0,East,Basic,8058.05
200726,12.2,55.67,0,6.8,East,Basic,5271.74
200727,32.3,74.8,1,6.7,North,Basic,6156.83
200728,23.6,78.46,2,10.0,South,Standard,6909.86
200729,27.2,77.23,2,7.7,West,Standard,6757.37
200730,72.3,65.43,4,7.8,North,Basic,7316.16
200731,13.5,86.55,2,5.1,South,Premium,5954.6
200732,66.1,63.62,0,6.2,East,Basic,7019.89
200733,45.6,62.07,2,7.5,West,Standard,7950.27
200734,29.0,92.51,0,7.0,North,Standard,7493.6
200735,28.9,49.18,0,7.8,West,Premium,7352.71
200736,40.2,39.05,1,7.7,North,Premium,6764.07
200737,22.6,53.25,6,8.3,West,Standard,5816.83
200738,25.4,74.58,2,5.4,West,Standard,5691.82
200739,32.2,89.82,0,6.3,West,Standard,7241.23
200740,62.0,56.77,3,7.5,West,Premium,7132.13
200741,26.9,98.85,3,6.8,West,Basic,6783.41
200742,8.1,68.46,1,7.2,West,Standard,6166.55
200743,33.0,66.04,1,7.7,East,Basic,5660.57
200744,27.9,53.55,1,6.7,South,Standard,6154.8
200745,19.3,101.17,4,7.8,North,Basic,5832.96
200746,36.1,65.45,1,8.3,North,Standard,7470.63
200747,19.8,45.36,1,7.7,East,Basic,4827.14
200748,26.5,109.78,2,8.5,North,Basic,8059.2
200749,32.3,74.69,2,5.0,West,Basic,5605.17
200750,34.2,81.58,2,6.9,North,Standard,7480.32
200751,37.8,96.59,3,8.7,North,Premium,9200.94
200752,40.9,78.45,3,6.6,North,Basic,6328.45
200753,31.9,84.57,1,6.4,North,Basic,6578.3
200754,9.6,68.92,1,7.4,North,Standard,5525.26
200755,34.9,80.47,2,7.6,East,Standard,6887.0
200756,50.0,67.42,3,7.0,South,Basic,6974.55
200757,7.9,67.66,2,9.8,West,Standard,6378.55
200758,9.7,70.04,3,7.9,South,Premium,5619.78
200759,17.7,61.25,1,6.5,East,Basic,5737.85
200760,48.3,76.57,1,5.9,East,Standard,7356.7
200761,17.0,76.53,0,8.1,North,Basic,6689.71
200762,48.7,81.92,2,6.5,North,Premium,8506.33
200763,33.7,78.87,1,10.0,West,Standard,7901.98
200764,20.3,102.0,0,8.1,East,Standard,6737.05
200765,84.0,85.89,1,8.3,North,Premium,11021.37
200766,12.3,64.48,3,7.9,East,Basic,3967.63
200767,29.8,75.7,3,8.9,South,Standard,7066.01
200768,15.7,92.02,0,4.7,North,Standard,6481.78
200769,35.9,51.85,0,6.2,North,Premium,7466.61
200770,16.2,102.24,2,8.8,East,Standard,7294.28
200771,22.2,54.83,0,9.4,South,Basic,6235.35
200772,18.3,83.3,2,6.1,East,Basic,5477.72
200773,24.9,68.11,3,5.4,North,Basic,5280.59
200774,49.8,67.13,3,7.8,North,Premium,8214.24
200775,11.0,45.85,3,8.2,North,Basic,5396.8
200776,17.2,83.43,0,7.8,South,Standard,6854.35
200777,22.8,46.1,1,7.5,West,Basic,4506.93
200778,25.6,43.47,2,5.4,West,Standard,4663.42
200779,59.7,87.71,1,7.1,North,Basic,8299.74
200780,17.8,98.42,0,7.3,North,Standard,7932.63
200781,48.5,56.66,0,6.9,North,Basic,6446.04
200782,63.9,85.05,1,5.3,West,Basic,8354.72
200783,26.6,81.54,4,8.3,East,Basic,6036.48
200784,15.0,66.44,3,8.6,West,Premium,6706.1
200785,55.4,90.71,0,6.6,South,Standard,7610.87
200786,46.2,65.22,0,7.4,East,Standard,7798.16
200787,14.0,76.8,1,7.0,East,Premium,6566.77
200788,69.5,46.69,1,7.0,East,Standard,7142.6
200789,18.9,47.41,1,8.2,South,Standard,5344.29
200790,26.3,87.87,1,8.2,North,Standard,8063.44
200791,41.9,77.37,3,8.9,South,Basic,6830.58
200792,64.9,65.58,3,8.9,West,Basic,7033.05
200793,34.7,100.43,3,7.4,South,Premium,7685.64
200794,24.7,100.25,2,10.0,East,Basic,7866.39
200795,22.5,75.47,1,9.5,West,Basic,6360.35
200796,24.7,43.25,1,6.8,East,Standard,5647.77
200797,84.0,66.1,6,7.8,South,Basic,7540.85
200798,37.5,53.85,1,5.2,North,Standard,4680.68
200799,32.0,69.52,2,7.6,East,Standard,7093.6
200800,46.5,52.08,0,9.6,West,Basic,6606.07
200801,25.7,47.66,1,10.0,West,Basic,5721.87
200802,63.0,29.54,1,7.5,North,Basic,7109.37
200803,39.3,70.84,4,8.0,West,Standard,7246.91
200804,24.3,28.92,0,8.3,South,Premium,6259.01
200805,21.3,62.56,1,10.0,East,Standard,6998.72
200806,8.7,79.8,2,6.4,North,Basic,5701.2
200807,49.7,55.72,2,10.0,North,Basic,7795.02
200808,11.0,49.56,3,7.2,East,Standard,5422.59
200809,60.9,66.85,2,6.2,South,Standard,7188.14
200810,16.9,53.91,4,7.2,West,Basic,4111.06
200811,18.3,71.16,1,6.6,South,Basic,5127.73
200812,78.7,50.44,1,8.1,West,Basic,7743.62
200813,47.6,66.22,0,5.6,South,Basic,6209.19
200814,31.5,62.11,2,7.8,North,Standard,6173.18
200815,74.5,67.8,4,8.4,North,Premium,9259.25
200816,28.1,95.8,0,9.4,East,Basic,6828.96
200817,22.0,71.4,3,8.4,West,Standard,6256.32
200818,33.2,76.58,1,9.3,North,Basic,7217.14
200819,51.6,57.38,0,6.9,South,Basic,6502.3
200820,12.8,71.8,3,8.1,South,Basic,5383.89
200821,18.1,63.33,1,4.9,East,Basic,5019.69
200822,15.2,68.5,1,7.5,East,Basic,6351.47
200823,13.6,79.03,3,8.1,West,Standard,5793.9
200824,26.3,59.5,2,8.2,South,Standard,6092.26
200825,13.4,61.23,4,5.7,North,Standard,4994.92
200826,7.9,59.73,1,7.1,North,Standard,5623.45
200827,18.0,59.4,2,7.3,West,Basic,4493.21
200828,17.2,70.94,2,7.1,East,Basic,4797.87
200829,38.1,61.81,2,8.5,North,Basic,6499.57
200830,49.1,93.47,0,7.3,West,Basic,7105.77
200831,19.8,113.55,3,7.7,East,Basic,6562.59
200832,18.2,58.34,0,7.0,South,Premium,6094.74
200833,76.2,73.0,1,8.9,North,Premium,9863.25
200834,48.1,85.65,2,9.0,West,Standard,8561.76
200835,35.7,63.48,4,7.2,East,Standard,5602.25
200836,23.8,51.1,3,10.0,South,Standard,6265.58
200837,47.5,97.55,2,6.7,South,Standard,7415.2
200838,14.4,79.66,1,8.8,South,Standard,6260.11
200839,48.7,73.42,1,6.5,East,Basic,6911.27
200840,39.1,92.66,1,8.5,South,Premium,8402.78
200841,43.4,81.09,1,8.4,South,Standard,7240.42
200842,31.7,67.19,1,6.4,South,Basic,5454.24
200843,11.6,51.4,2,7.4,West,Standard,4350.14
200844,14.6,59.61,1,9.8,South,Standard,6266.32
200845,40.3,88.48,1,6.6,South,Premium,6641.61
200846,38.0,79.6,3,8.1,South,Basic,6702.26
200847,21.1,64.83,1,8.0,East,Standard,6501.17
200848,20.9,98.03,1,7.5,West,Basic,7265.5
200849,56.1,65.33,0,5.5,West,Basic,7635.51
200850,29.3,84.79,0,8.6,South,Basic,7207.46
200851,17.4,71.74,3,7.6,South,Basic,4834.56
200852,61.2,100.86,2,8.9,South,Basic,9279.81
200853,58.1,80.8,1,7.9,West,Standard,7755.13
200854,29.3,68.78,2,7.7,East,Standard,5639.45
200855,32.9,64.96,1,8.0,South,Standard,7351.45
200856,48.2,67.74,0,6.4,East,Basic,6944.1
200857,42.0,55.67,1,9.5,North,Standard,6678.4
200858,11.3,44.77,1,7.1,East,Standard,4418.08
200859,62.3,73.25,1,7.2,North,Standard,8497.42
200860,9.8,58.93,1,9.2,South,Standard,5337.37
200861,37.8,58.89,2,7.9,North,Basic,5940.25
200862,13.1,66.49,1,7.3,North,Basic,6304.09
200863,41.9,68.89,1,8.1,North,Premium,9119.36
200864,18.6,68.13,3,8.4,East,Basic,5472.19
200865,19.5,97.55,0,7.5,East,Basic,6616.88
200866,46.6,79.26,1,8.7,East,Basic,7773.92
200867,13.1,103.83,2,6.1,South,Standard,6012.11
200868,21.1,60.54,1,7.9,West,Standard,5148.97
200869,13.4,81.32,3,8.6,West,Standard,5045.58
200870,31.5,61.48,1,8.3,East,Premium,7333.45
200871,13.3,58.46,2,4.9,East,Basic,4546.14
200872,36.0,104.47,1,7.4,West,Basic,7406.84
200873,57.6,54.94,2,6.1,East,Premium,7841.3
200874,6.5,30.06,1,9.1,North,Standard,5479.04
200875,18.7,55.96,2,7.1,South,Premium,6555.97
200876,14.3,33.86,4,9.0,North,Standard,5030.17
200877,11.5,51.83,3,6.1,West,Basic,4145.68
200878,35.4,53.4,1,8.1,East,Premium,7189.67
200879,33.0,68.6,2,7.6,West,Basic,5913.75
200880,62.1,33.16,3,10.0,North,Standard,6720.95
200881,43.9,88.33,1,9.0,East,Basic,8131.14
200882,30.2,36.11,0,8.9,East,Standard,6001.54
200883,34.5,65.83,1,10.0,West,Standard,7168.44
200884,21.1,62.49,1,7.9,West,Basic,5374.53
200885,35.1,82.03,3,7.5,North,Premium,7245.93
200886,9.9,73.98,2,7.3,West,Basic,5111.74
200887,26.9,88.18,1,8.0,West,Basic,6872.69
200888,38.4,61.86,3,4.3,West,Basic,4691.87
200889,26.0,60.1,3,7.6,East,Standard,6263.7
200890,19.2,75.02,0,7.9,West,Standard,6472.16
200891,31.0,85.5,0,7.4,North,Standard,6937.67
200892,17.3,82.03,0,5.8,North,Standard,7046.04
200893,25.1,73.47,2,7.4,North,Standard,6673.36
200894,46.3,71.96,5,5.8,South,Premium,7079.48
200895,47.9,67.38,2,9.7,West,Premium,8784.2
200896,33.4,74.97,0,7.3,East,Basic,6126.99
200897,15.2,102.59,3,5.1,South,Standard,5645.78
200898,23.6,63.88,2,7.4,West,Basic,5847.45
200899,31.4,61.8,2,8.7,East,Basic,6789.88
200900,18.6,60.5,5,7.8,South,Standard,5057.74
200901,71.5,74.62,0,6.5,East,Standard,8193.97
200902,18.8,31.93,3,6.8,East,Standard,5146.84
200903,30.1,65.7,1,7.3,East,Standard,6190.95
200904,8.2,82.97,0,7.1,West,Standard,6344.2
200905,49.6,59.05,1,6.1,South,Premium,7103.96
200906,65.2,71.17,3,7.5,South,Basic,7176.99
200907,14.9,103.86,1,6.0,East,Basic,5725.29
200908,10.1,73.64,2,8.7,West,Basic,5351.87
200909,33.2,29.93,0,8.9,South,Basic,5089.44
200910,76.3,44.03,2,6.4,West,Premium,8288.7
200911,11.3,63.73,4,6.7,East,Basic,4430.23
200912,24.1,54.33,2,7.1,North,Basic,5692.19
200913,34.9,69.76,1,7.6,South,Basic,5782.19
200914,30.9,62.99,0,7.9,North,Basic,6370.72
200915,38.1,87.82,0,8.2,North,Standard,8404.25
200916,60.0,49.45,4,8.1,North,Premium,8188.79
200917,50.2,64.47,1,9.5,East,Standard,7225.76
200918,23.8,71.69,3,7.7,East,Basic,5696.12
200919,11.2,73.8,0,6.0,East,Standard,5434.16
200920,52.3,70.5,1,5.7,South,Premium,8024.14
200921,24.1,27.01,2,9.6,South,Basic,5467.15
200922,30.7,69.42,0,8.2,West,Standard,5929.15
200923,47.3,65.44,3,7.8,West,Standard,6676.54
200924,51.4,82.69,3,8.1,West,Standard,7845.11
200925,45.8,80.29,3,7.8,South,Basic,6602.48
200926,69.3,72.09,2,8.1,West,Standard,8732.48
200927,28.8,73.32,1,7.2,West,Standard,6638.6
200928,19.6,90.99,0,8.9,North,Standard,7426.05
200929,16.1,87.56,0,7.0,South,Basic,5494.22
200930,20.3,72.68,1,6.5,South,Basic,4835.17
200931,20.8,104.47,3,5.6,East,Standard,6143.67
200932,33.5,57.32,2,7.3,East,Standard,5928.65
200933,40.3,47.85,3,9.1,South,Premium,7123.4
200934,14.6,67.82,4,7.1,North,Standard,5444.2
200935,47.4,61.65,3,5.9,South,Basic,5339.88
200936,50.0,26.09,3,7.9,East,Standard,5444.4
200937,4.5,56.91,3,6.8,South,Standard,4144.18
200938,40.9,73.84,2,9.5,South,Standard,7126.97
200939,22.1,67.01,2,8.9,East,Standard,6083.92
200940,58.8,54.8,1,6.1,West,Basic,6747.36
200941,28.4,68.72,2,7.4,North,Basic,6601.32
200942,18.1,70.09,2,6.7,East,Basic,4708.12
200943,14.5,80.16,2,6.2,South,Basic,5529.28
200944,31.9,57.09,2,7.5,North,Standard,6690.49
200945,22.4,82.86,0,8.6,West,Basic,6715.09
200946,12.0,49.46,0,7.5,West,Premium,6779.35
200947,9.7,59.44,4,7.0,South,Basic,3973.77
200948,34.8,96.88,3,5.0,South,Standard,6634.35
200949,10.8,50.59,2,6.8,North,Standard,5172.49
200950,5.0,56.8,3,8.3,East,Basic,4486.27
200951,50.4,46.7,1,6.0,North,Standard,6829.25
200952,15.8,53.94,3,9.1,South,Premium,6144.71
200953,37.9,70.35,1,6.9,North,Premium,7978.61
200954,31.5,80.01,1,7.8,East,Basic,6275.46
200955,19.3,67.68,1,7.1,West,Standard,5757.02
200956,62.5,62.48,1,6.2,North,Basic,6853.33
200957,41.4,46.87,0,8.1,West,Standard,6600.95
200958,27.4,55.64,4,6.9,West,Basic,5251.09
200959,16.7,41.72,3,6.6,North,Premium,5362.44
200960,39.5,80.52,2,4.7,West,Standard,6745.55
200961,43.0,81.7,0,9.2,East,Basic,7734.14
200962,29.9,67.31,2,7.6,East,Premium,6915.32
200963,27.8,75.5,2,8.9,East,Standard,7460.59
200964,41.3,82.9,4,8.3,South,Basic,6763.46
200965,27.0,69.72,2,8.9,North,Standard,6948.58
200966,17.9,91.69,1,6.9,South,Standard,6443.49
200967,11.4,50.6,2,6.0,East,Basic,4163.09
200968,27.2,62.07,2,8.5,West,Basic,5166.32
200969,11.1,60.05,1,7.8,South,Basic,4533.9
200970,43.3,79.0,1,7.0,South,Basic,6828.85
200971,27.2,43.62,2,8.5,North,Standard,5365.68
200972,47.1,92.62,0,8.0,West,Basic,7505.97
200973,32.9,77.55,4,8.4,North,Standard,6757.91
200974,38.0,97.76,0,6.4,West,Premium,9653.95
200975,18.9,67.31,0,8.8,North,Premium,7844.39
200976,26.1,58.64,2,7.6,North,Standard,6679.5
200977,32.7,79.17,3,8.9,North,Standard,6948.12
200978,30.6,85.52,4,8.8,South,Premium,7594.56
200979,29.8,55.85,2,8.4,South,Standard,5333.95
200980,14.4,34.04,3,7.5,West,Standard,4358.27
200981,8.0,36.95,2,8.5,East,Basic,4422.66
200982,13.8,72.44,0,8.9,North,Basic,5700.68
200983,4.0,94.18,0,8.3,East,Basic,6318.02
200984,8.9,45.89,1,7.8,South,Basic,4570.67
200985,34.0,63.37,0,8.5,East,Basic,6238.94
200986,24.1,62.08,2,7.0,West,Basic,4929.24
200987,17.2,100.65,2,9.4,West,Standard,7069.83
200988,23.9,106.4,1,5.6,East,Basic,6320.59
200989,6.8,75.22,0,7.6,South,Basic,5191.23
200990,26.8,83.27,1,7.1,South,Standard,6853.68
200991,11.9,82.79,0,6.8,South,Basic,5339.71
200992,54.3,46.23,2,8.0,South,Standard,7355.99
200993,39.0,79.87,3,6.2,North,Basic,7004.27
200994,37.1,50.67,3,10.0,North,Standard,6974.7
200995,30.2,65.08,1,6.0,West,Premium,6662.27
200996,40.9,87.38,2,6.5,West,Basic,6411.65
200997,26.8,69.38,2,6.3,North,Standard,6390.94
200998,16.9,86.74,2,7.8,West,Premium,7422.75
200999,37.5,90.09,2,8.8,West,Premium,8355.9
201000,48.5,38.13,2,8.2,North,Standard,6524.4
201001,15.0,30.98,0,9.4,West,Standard,5622.39
201002,9.8,87.76,2,6.6,West,Basic,5408.05
201003,72.8,88.44,1,8.4,East,Basic,8456.74
201004,58.0,72.36,3,7.2,West,Basic,6955.08
201005,28.5,74.67,3,7.9,South,Basic,5471.53
201006,5.7,83.18,0,8.9,East,Premium,6973.13
201007,32.8,82.86,3,5.6,East,Basic,5736.53
201008,84.0,62.83,0,10.0,East,Standard,9281.53
201009,40.7,84.25,0,7.4,South,Premium,7914.55
201010,38.8,62.11,0,5.7,East,Basic,6370.05
201011,27.3,72.14,0,6.8,West,Basic,5878.64
201012,36.9,71.4,1,7.7,West,Basic,7258.86
201013,40.6,53.39,2,6.8,North,Basic,6163.34
201014,31.2,55.37,2,5.1,South,Standard,4920.28
201015,25.0,105.98,0,7.7,North,Basic,7979.9
201016,31.5,52.84,1,6.7,East,Standard,5676.99
201017,30.7,74.29,1,8.4,North,Basic,7564.78
201018,6.5,77.86,1,6.3,West,Standard,5689.61
201019,84.0,67.08,1,10.0,East,Basic,9150.31
201020,38.8,79.42,1,8.2,South,Standard,7327.55
201021,53.1,73.59,0,7.8,East,Basic,7559.69
201022,33.4,53.21,3,8.3,North,Standard,6272.76
201023,20.6,77.13,2,5.4,North,Standard,5605.2
201024,46.9,58.74,1,7.0,North,Basic,6720.77
201025,9.4,97.59,3,9.7,East,Standard,7277.03
201026,39.7,75.3,1,7.2,West,Basic,6094.19
201027,46.6,56.1,2,7.5,North,Standard,7631.19
201028,27.0,73.82,0,7.0,West,Premium,7656.68
201029,37.6,52.28,1,9.4,North,Basic,6414.03
201030,6.6,72.38,1,7.3,South,Standard,5314.57
201031,38.5,64.16,1,6.1,East,Basic,6690.92
201032,23.0,53.94,1,10.0,West,Standard,6898.11
201033,37.7,53.73,0,5.9,West,Basic,6174.96
201034,27.7,109.39,0,7.5,East,Standard,7846.42
201035,27.5,69.55,1,6.6,South,Premium,7044.37
201036,38.4,60.66,0,6.8,North,Basic,6545.68
201037,23.7,57.72,2,6.3,South,Premium,5956.64
201038,26.9,76.01,1,7.0,West,Basic,6056.2
201039,74.6,57.15,1,8.8,East,Premium,9617.78
201040,55.0,49.39,1,5.3,South,Standard,6981.58
201041,25.0,67.45,1,9.1,North,Basic,6370.54
201042,28.1,67.32,1,8.9,North,Basic,5994.29
201043,19.7,60.91,2,8.2,East,Standard,6622.13
201044,23.1,52.85,0,7.8,South,Standard,6587.89
201045,23.7,61.35,2,7.9,West,Basic,5658.69
201046,30.4,60.02,2,9.3,South,Premium,7908.29
201047,7.3,57.66,0,5.5,West,Standard,5110.92
201048,22.7,72.7,2,8.5,North,Premium,7057.73
201049,20.5,105.85,0,6.7,North,Basic,6483.14
201050,59.0,90.64,0,8.6,South,Basic,7687.7
201051,27.9,101.01,1,6.9,North,Basic,7053.4
201052,32.7,58.35,3,8.4,West,Basic,5528.83
201053,22.3,96.47,3,5.7,West,Basic,5522.31
201054,28.0,71.86,5,5.6,South,Basic,4601.82
201055,23.1,84.77,0,7.5,East,Standard,7347.53
201056,30.6,75.78,3,9.3,East,Basic,6173.94
201057,37.5,62.16,4,8.2,East,Basic,5506.97
201058,12.3,80.23,2,8.2,North,Standard,6272.96
201059,40.5,76.24,0,8.6,South,Standard,7966.13
201060,15.9,37.94,5,7.1,North,Standard,4443.44
201061,76.0,65.89,5,8.3,West,Standard,8044.19
201062,30.2,82.83,0,6.9,South,Basic,7005.39
201063,32.5,72.72,2,7.2,East,Standard,7770.03
201064,33.2,75.98,2,7.4,West,Standard,7015.23
201065,29.2,55.23,0,6.9,South,Basic,5689.89
201066,18.6,72.36,2,7.5,North,Basic,5261.48
201067,32.5,66.36,3,7.3,South,Premium,6889.19
201068,31.5,64.54,4,6.8,East,Basic,5264.19
201069,17.3,56.45,3,7.4,South,Basic,4947.16
201070,12.4,83.55,3,7.8,North,Basic,5565.73
201071,46.8,73.87,1,6.3,North,Premium,8186.46
201072,22.7,72.16,3,8.1,East,Standard,6444.26
201073,25.9,102.86,3,7.0,East,Premium,8490.86
201074,31.6,76.05,2,7.8,North,Standard,7707.88
201075,18.3,88.41,2,6.8,West,Standard,6888.77
201076,34.1,72.64,2,8.9,South,Basic,6642.93
201077,26.6,62.0,2,8.7,North,Basic,5912.66
201078,28.1,49.99,2,6.3,South,Standard,5582.0
201079,51.8,72.1,1,8.2,East,Premium,8190.94
201080,30.9,22.72,0,9.3,East,Premium,6493.21
201081,25.2,72.63,2,6.5,South,Premium,7336.05
201082,15.1,73.36,0,6.6,South,Standard,6108.43
201083,33.1,64.3,4,8.5,South,Standard,6214.33
201084,45.7,66.43,1,6.0,South,Standard,6782.26
201085,25.4,46.73,0,6.7,South,Standard,5480.56
201086,45.5,91.56,1,6.4,South,Basic,6039.22
201087,33.4,62.27,2,8.5,South,Basic,5359.54
201088,29.6,51.47,1,6.8,North,Basic,5821.44
201089,35.6,77.26,1,7.3,South,Basic,5926.81
201090,12.7,69.88,2,6.7,North,Basic,5177.94
201091,22.9,61.91,2,9.0,East,Standard,5778.64
201092,23.4,60.11,1,6.6,South,Standard,5336.6
201093,26.1,67.9,2,5.9,East,Standard,5814.61
201094,69.3,90.88,2,5.9,North,Standard,8972.15
201095,30.1,75.98,1,8.4,South,Basic,6819.73
201096,11.5,67.42,2,8.5,North,Basic,5257.81
201097,19.7,82.49,0,9.1,North,Standard,7580.94
201098,28.1,68.47,3,6.1,West,Basic,4630.38
201099,30.8,74.83,0,7.3,North,Standard,7242.62
201100,3.8,70.57,4,10.0,North,Standard,6309.32
201101,37.4,78.03,2,7.2,South,Basic,6191.08
201102,38.2,60.45,0,6.9,South,Premium,7802.58
201103,14.7,48.63,3,7.6,West,Basic,4789.12
201104,45.0,83.42,0,8.2,West,Standard,8169.72
201105,25.3,93.58,2,8.2,South,Premium,7595.85
201106,16.5,49.44,0,6.9,North,Standard,5483.76
201107,14.0,71.05,1,6.9,South,Standard,5056.69
201108,36.9,60.37,2,7.2,South,Standard,5661.41
201109,20.5,83.02,1,6.7,South,Basic,6137.23
201110,32.7,72.19,2,6.1,North,Standard,7166.33
201111,13.7,124.57,0,9.8,North,Standard,8224.57
201112,23.5,62.88,0,7.1,North,Basic,5965.8
201113,35.6,94.13,2,7.2,South,Basic,5968.72
201114,50.9,95.79,1,7.2,East,Premium,8539.75
201115,53.9,77.07,2,7.5,West,Basic,7243.67
201116,50.4,68.63,1,8.1,North,Premium,8352.11
201117,84.0,69.61,1,7.0,West,Basic,7427.04
201118,32.9,68.17,0,9.0,North,Basic,7700.46
201119,13.5,87.27,2,8.3,North,Standard,6743.18
201120,20.0,53.17,1,7.4,East,Standard,5206.81
201121,53.1,65.26,2,6.8,North,Standard,7406.21
201122,18.5,63.2,4,8.9,West,Basic,5175.74
201123,3.0,38.65,4,7.4,West,Standard,4138.28
201124,24.1,82.6,0,6.1,North,Standard,6716.81
201125,44.5,86.07,2,8.8,North,Basic,7744.5
201126,19.8,57.22,2,6.7,North,Standard,6080.73
201127,54.6,85.51,0,8.6,West,Basic,7535.77
201128,73.0,41.08,3,4.6,North,Basic,5836.16
201129,32.5,68.41,1,7.2,East,Basic,6414.27
201130,80.1,65.85,2,9.0,South,Basic,7861.49
201131,63.1,69.49,1,7.6,East,Standard,8012.26
201132,45.3,69.4,1,8.3,North,Premium,8233.89
201133,35.0,66.69,0,6.5,West,Basic,5959.77
201134,33.2,61.41,2,8.0,East,Basic,5707.33
201135,27.1,66.15,1,7.6,North,Premium,6852.56
201136,39.0,91.17,2,7.9,North,Basic,7488.05
201137,7.0,58.16,2,10.0,South,Basic,5494.9
201138,64.6,106.34,2,9.2,East,Standard,9400.23
201139,80.9,57.2,1,8.6,West,Basic,8506.28
201140,6.6,72.08,1,8.6,South,Standard,5619.52
201141,43.8,77.71,1,6.5,West,Premium,7674.03
201142,61.8,63.04,1,7.0,North,Standard,8066.23
201143,30.7,91.5,1,5.8,West,Standard,7069.08
201144,26.3,77.27,1,6.1,West,Basic,5747.99
201145,23.0,64.52,2,6.5,East,Basic,5477.64
201146,20.4,91.31,1,7.6,West,Premium,7078.27
201147,34.1,50.74,1,6.1,South,Premium,6256.21
201148,54.3,58.39,2,7.6,East,Standard,7540.32
201149,7.6,77.56,3,7.4,North,Basic,5652.08
201150,15.5,81.62,1,6.2,South,Standard,6238.59
201151,19.5,73.48,3,9.4,East,Basic,6322.79
201152,10.4,65.84,0,6.0,West,Standard,5333.49
201153,41.1,63.73,2,8.9,West,Standard,6391.2
201154,38.1,87.23,2,4.9,East,Basic,5997.8
201155,46.8,72.09,2,7.4,West,Standard,7480.33
201156,5.7,53.17,3,6.2,West,Standard,4722.33
201157,43.7,52.19,3,6.8,West,Premium,6600.01
201158,54.1,93.73,2,9.8,North,Basic,8093.74
201159,41.6,55.78,1,7.2,South,Basic,5513.9
201160,29.3,72.64,1,6.3,South,Standard,5970.08
201161,26.9,90.97,0,8.2,West,Basic,6181.68
201162,36.0,77.22,0,7.2,East,Basic,6451.03
201163,33.7,55.12,1,7.8,West,Basic,5880.55
201164,19.9,50.73,0,6.5,West,Basic,4957.21
201165,6.1,99.79,0,6.6,East,Standard,6368.39
201166,21.7,50.3,1,6.7,West,Premium,5874.92
201167,75.7,58.59,1,8.6,East,Standard,8245.97
201168,6.9,74.33,0,7.3,East,Standard,5715.39
201169,33.3,64.28,1,6.3,South,Basic,5873.21
201170,65.9,77.75,2,7.8,West,Standard,8284.49
201171,47.5,43.05,0,7.7,West,Standard,8109.28
201172,51.6,64.42,1,8.3,East,Standard,7444.43
201173,48.4,79.52,2,7.0,South,Standard,7406.9
201174,10.5,79.58,1,7.5,South,Standard,5813.47
201175,59.4,58.27,2,8.1,West,Basic,6799.79
201176,64.1,50.63,1,6.4,West,Premium,8544.11
201177,12.8,71.63,0,8.7,West,Standard,6879.82
201178,22.8,45.69,3,7.6,East,Basic,3964.62
201179,31.0,89.83,4,6.3,East,Premium,6699.42
201180,23.0,70.68,3,6.3,North,Basic,5325.25
201181,18.8,56.15,3,7.5,East,Basic,4602.54
201182,19.1,50.07,1,6.9,South,Standard,4608.93
201183,43.6,57.24,0,8.5,West,Standard,7317.28
201184,50.7,41.45,3,7.3,North,Basic,5108.36
201185,19.1,76.41,2,8.0,West,Basic,5825.53
201186,50.5,54.35,4,6.6,South,Basic,5805.65
201187,22.9,74.79,2,7.6,North,Basic,6397.72
201188,13.4,77.14,1,9.2,East,Standard,6544.52
201189,35.5,84.42,3,7.4,East,Basic,7018.88
201190,30.2,72.28,0,6.9,West,Standard,6900.4
201191,36.3,87.13,0,6.6,East,Standard,7737.53
201192,36.0,91.56,0,7.6,East,Standard,7459.95
201193,33.8,72.39,2,9.3,North,Premium,8750.2
201194,28.1,73.41,2,6.0,West,Basic,5537.44
201195,49.9,58.52,2,7.5,West,Basic,7063.47
201196,41.8,51.21,1,5.5,West,Basic,6069.77
201197,23.4,89.8,3,7.1,North,Basic,6319.07
201198,23.1,78.3,4,7.9,East,Standard,6335.25
201199,9.8,79.68,2,5.7,South,Basic,4640.36
201200,10.9,57.96,2,7.1,West,Standard,4829.31
201201,27.0,95.61,1,7.9,North,Premium,8628.54
201202,46.4,64.11,4,7.8,North,Basic,6592.93
201203,17.2,54.37,3,8.0,North,Basic,4403.12
201204,42.9,58.25,3,6.4,East,Standard,6138.0
201205,33.2,94.71,0,7.9,East,Standard,8209.54
201206,17.9,49.11,3,6.9,East,Basic,5021.86
201207,30.8,55.23,1,8.5,South,Standard,6595.12
201208,30.1,117.27,3,4.8,West,Basic,5863.76
201209,18.4,84.0,3,7.3,South,Standard,5532.52
201210,41.3,55.54,3,7.7,North,Standard,6462.15
201211,48.9,49.62,0,9.2,West,Basic,7477.51
201212,24.7,39.56,3,7.7,East,Basic,4357.15
201213,14.2,69.65,1,7.8,East,Standard,6501.79
201214,50.2,80.38,3,8.1,South,Standard,7148.02
201215,10.5,93.82,0,9.1,East,Premium,8088.67
201216,34.8,35.8,1,7.1,North,Standard,5549.13
201217,17.1,45.47,2,5.9,South,Standard,4486.61
201218,13.5,65.97,1,5.7,South,Standard,4698.6
201219,21.4,115.39,3,8.4,East,Standard,8158.28
201220,30.1,83.06,1,7.9,South,Basic,6128.14
201221,15.4,74.34,1,7.3,North,Basic,5161.44
201222,12.0,47.18,0,6.9,South,Standard,4346.95
201223,8.3,31.96,1,7.8,South,Basic,3872.08
201224,65.9,68.66,1,7.9,North,Basic,7711.73
201225,36.4,66.31,3,8.2,East,Basic,6327.88
201226,17.9,63.45,1,6.3,South,Premium,6036.63
201227,37.4,61.53,0,5.5,South,Standard,6664.84
201228,29.9,55.28,1,6.5,East,Premium,6464.96
201229,43.7,51.38,1,6.0,South,Premium,7198.96
201230,25.9,91.62,2,5.9,East,Standard,6145.62
201231,48.0,52.93,1,9.5,East,Standard,6757.86
201232,19.6,63.31,2,4.9,East,Standard,4787.65
201233,33.0,67.34,1,8.2,East,Standard,6386.72
201234,46.4,80.01,2,8.7,South,Premium,7766.4
201235,33.9,53.52,2,8.8,North,Standard,6872.05
201236,77.1,84.63,2,7.9,South,Standard,8712.14
201237,43.2,58.15,2,9.2,West,Standard,7146.06
201238,37.1,65.25,2,9.7,North,Standard,7663.83
201239,23.7,95.93,1,7.2,North,Basic,6108.37
201240,33.4,51.52,2,8.1,East,Basic,5885.08
201241,55.7,80.26,0,9.1,East,Basic,7594.32
201242,21.9,85.08,1,6.6,West,Basic,5737.9
201243,16.8,73.27,1,7.3,North,Standard,5595.48
201244,22.0,66.0,5,6.8,West,Basic,5000.57
201245,21.3,104.14,1,8.2,East,Premium,7497.76
201246,40.0,67.76,0,5.3,West,Basic,5558.58
201247,72.1,71.47,5,9.3,South,Basic,6991.31
201248,10.8,62.28,0,8.2,South,Standard,5743.39
201249,5.5,70.57,3,8.3,North,Basic,5106.88
201250,30.4,84.39,4,4.8,West,Basic,5633.55
201251,15.4,63.32,5,6.4,North,Basic,4443.11
201252,35.7,32.15,2,9.4,North,Standard,6670.77
201253,38.0,76.73,2,7.4,South,Basic,6406.11
201254,21.3,49.67,1,5.5,West,Standard,4742.32
201255,40.6,80.61,0,7.9,South,Basic,6687.93
201256,19.2,67.98,1,8.4,South,Basic,6271.85
201257,19.2,84.03,2,8.2,East,Basic,6598.73
201258,17.4,51.88,1,7.4,West,Basic,5329.43
201259,22.1,58.9,3,9.0,West,Standard,6382.49
201260,28.7,62.22,2,6.8,East,Basic,5617.23
201261,26.9,42.8,2,8.2,North,Standard,6071.59
201262,32.0,86.89,2,7.8,North,Premium,8107.93
201263,39.4,40.37,2,7.4,North,Basic,6335.18
201264,32.3,86.65,0,7.1,South,Premium,7674.25
201265,65.2,75.21,2,7.2,South,Standard,7941.09
201266,29.9,64.62,0,7.6,East,Standard,5978.61
201267,44.5,73.87,0,7.2,South,Premium,7413.11
201268,9.8,73.4,1,8.5,East,Basic,6369.92
201269,32.0,61.19,1,7.0,North,Standard,6825.16
201270,26.7,73.07,3,9.5,West,Standard,6658.0
201271,25.3,80.43,0,6.9,West,Standard,6833.85
201272,55.1,51.94,1,8.7,South,Basic,6150.47
201273,78.7,73.89,2,8.8,South,Basic,8043.8
201274,39.7,23.35,2,7.8,West,Premium,5584.78
201275,8.2,35.2,2,7.7,West,Standard,4393.47
201276,20.7,77.6,1,6.7,South,Basic,5843.14
201277,11.0,60.9,3,7.0,North,Basic,4951.37
201278,31.5,53.49,2,7.9,West,Standard,6775.31
201279,36.8,67.1,1,7.5,East,Basic,6427.82
201280,9.2,61.27,2,9.0,East,Basic,4121.15
201281,60.4,51.19,2,7.1,South,Premium,8378.14
201282,13.3,40.14,0,7.1,West,Basic,4203.84
201283,35.9,34.54,1,5.6,East,Basic,4816.99
201284,59.7,80.56,2,8.4,South,Standard,8124.39
201285,31.9,60.82,0,8.3,East,Basic,6375.02
201286,18.5,84.48,0,8.8,South,Basic,6415.75
201287,17.8,60.64,2,8.8,South,Standard,5853.3
201288,32.4,74.03,1,8.5,East,Standard,6587.84
201289,44.6,65.87,2,8.6,East,Basic,7765.33
201290,35.2,68.76,0,8.3,West,Standard,7498.02
201291,17.5,69.58,1,8.5,East,Standard,6395.03
201292,26.3,60.42,3,5.4,South,Standard,5868.96
201293,16.0,47.1,1,6.3,South,Standard,4401.27
201294,15.9,81.02,2,6.1,East,Standard,6207.14
201295,15.4,95.09,1,9.1,North,Basic,6697.98
201296,23.0,96.21,0,6.7,East,Standard,7297.35
201297,28.0,58.59,0,6.9,South,Basic,5671.78
201298,29.9,55.54,0,7.6,South,Basic,4695.05
201299,34.1,58.58,1,6.1,North,Premium,6449.83
201300,18.2,65.01,2,8.1,South,Basic,5890.09
201301,28.3,67.11,0,5.0,North,Basic,5625.71
201302,30.4,51.04,0,6.2,East,Basic,6207.87
201303,52.4,42.84,0,7.8,South,Standard,7387.34
201304,9.5,68.85,0,6.1,West,Premium,6177.32
201305,11.4,20.0,1,9.2,East,Basic,4064.52
201306,38.5,66.29,0,7.7,West,Premium,8506.26
201307,40.8,51.94,2,9.0,West,Basic,7066.43
201308,38.6,81.26,3,8.0,West,Premium,7703.77
201309,38.4,85.81,2,7.6,West,Premium,8671.24
201310,10.1,86.21,3,6.4,North,Basic,5790.14
201311,72.2,62.11,5,8.7,South,Premium,8774.51
201312,49.2,48.7,1,8.1,East,Basic,6446.35
201313,10.2,54.15,3,10.0,East,Standard,5320.85
201314,24.3,72.89,1,8.6,East,Basic,5787.38
201315,23.5,40.02,1,7.1,East,Basic,4247.24
201316,26.8,91.69,4,7.9,North,Premium,8497.29
201317,21.8,62.38,2,8.1,North,Standard,6289.72
201318,14.0,76.5,1,9.0,East,Standard,6082.56
201319,30.7,37.72,2,9.2,East,Premium,7048.26
201320,54.3,52.26,3,7.4,West,Basic,5968.55
201321,21.4,35.6,0,6.1,East,Basic,4224.19
201322,33.9,85.36,3,5.4,North,Standard,7483.12
201323,27.3,65.28,0,6.2,North,Basic,5380.17
201324,38.4,77.71,0,6.9,South,Standard,7181.56
201325,25.9,69.08,2,9.4,South,Basic,5775.35
201326,19.5,75.96,2,9.4,West,Basic,5838.46
201327,22.1,62.26,0,8.8,East,Basic,5418.12
201328,53.1,64.54,2,9.1,West,Basic,7146.8
201329,29.3,66.44,0,6.8,South,Basic,5397.15
201330,28.7,74.9,1,5.8,South,Basic,5814.66
201331,52.2,75.35,2,6.4,South,Basic,6521.14
201332,57.5,115.79,3,5.2,North,Standard,8359.5
201333,5.6,96.59,2,6.3,North,Standard,5825.02
201334,11.6,37.76,2,7.0,South,Basic,4425.5
201335,44.0,65.57,0,7.8,South,Basic,6939.56
201336,30.0,61.1,0,7.8,North,Basic,6038.23
201337,57.6,89.76,2,6.8,East,Basic,6922.61
201338,9.5,62.63,0,8.3,East,Standard,5150.66
201339,32.5,75.89,2,6.8,North,Basic,6743.96
201340,39.5,28.27,2,7.6,East,Premium,6676.12
201341,23.7,42.27,1,6.3,North,Basic,5341.33
201342,42.7,103.57,3,8.9,East,Basic,7612.63
201343,44.5,68.85,4,7.6,East,Standard,7035.21
201344,27.5,51.03,1,8.4,South,Basic,5889.01
201345,26.4,72.13,1,6.1,East,Basic,5625.92
201346,46.9,50.1,2,7.8,South,Basic,5753.17
201347,32.2,63.18,4,8.3,North,Standard,6015.3
201348,38.0,43.31,1,5.1,South,Premium,6240.78
201349,32.1,54.59,1,9.0,South,Basic,6150.8
201350,31.2,60.92,2,6.1,North,Premium,6644.01
201351,26.3,87.05,1,7.9,South,Standard,6810.25
201352,39.4,75.89,2,9.7,North,Standard,7779.96
201353,17.2,78.85,5,8.7,South,Basic,5568.66
201354,9.8,67.56,0,5.8,East,Premium,5590.58
201355,28.7,81.99,0,7.4,West,Basic,6102.82
201356,58.1,53.15,1,9.1,West,Basic,6707.46
201357,32.2,55.54,2,6.6,East,Standard,5813.9
201358,24.9,74.93,1,7.2,West,Premium,7331.39
201359,23.1,63.25,1,7.1,East,Basic,5051.38
201360,22.2,67.76,0,8.3,East,Basic,6467.97
201361,3.6,65.21,0,5.8,West,Premium,6434.67
201362,53.8,89.31,1,8.4,West,Standard,8636.45
201363,20.8,90.19,3,6.9,East,Standard,6819.73
201364,29.0,57.36,1,7.6,West,Basic,5298.99
201365,24.1,38.08,3,7.3,South,Basic,3888.09
201366,18.8,55.9,2,8.3,West,Premium,6680.09
201367,55.3,52.75,3,7.6,South,Basic,6074.29
201368,14.4,82.14,1,9.3,North,Standard,6716.91
201369,40.2,83.65,2,8.8,North,Standard,8492.88
201370,10.9,50.47,1,6.6,East,Premium,5838.89
201371,26.5,55.17,0,9.2,North,Standard,7218.94
201372,51.1,42.86,0,8.0,North,Basic,6416.8
201373,21.6,70.28,2,7.8,South,Standard,6721.8
201374,38.2,67.24,1,8.6,East,Premium,7828.93
201375,21.0,81.42,2,6.4,North,Premium,7516.67
201376,23.7,76.45,0,5.9,East,Basic,5565.75
201377,43.1,78.37,2,7.6,East,Basic,6825.64
201378,38.7,41.79,2,6.9,West,Standard,6020.96
201379,58.4,57.35,0,10.0,East,Standard,9120.4
201380,21.6,84.13,3,6.7,North,Basic,5662.06
201381,34.7,58.84,0,7.6,West,Basic,6256.83
201382,29.9,40.33,1,7.8,West,Basic,5507.62
201383,35.3,81.74,1,9.1,South,Basic,6316.62
201384,49.0,58.19,1,6.4,North,Basic,5577.35
201385,19.3,86.06,2,5.7,East,Premium,6314.51
201386,34.0,67.69,0,9.3,West,Standard,7792.14
201387,54.9,63.29,2,7.7,West,Basic,7519.94
201388,30.0,91.17,2,8.6,West,Standard,7005.99
201389,43.0,45.85,2,8.6,West,Basic,5487.76
201390,7.6,92.38,1,8.8,East,Standard,7392.0
201391,30.7,57.13,0,7.1,North,Premium,7082.81
201392,22.3,70.76,4,6.8,North,Basic,5158.73
201393,4.8,70.92,2,5.2,North,Premium,6396.34
201394,38.3,60.74,3,6.4,North,Basic,6297.86
201395,34.1,55.04,1,7.7,North,Standard,7040.82
201396,17.3,61.71,1,6.8,South,Premium,5464.5
201397,11.7,50.75,1,6.2,West,Standard,4421.55
201398,73.6,101.35,4,7.7,North,Basic,9105.77
201399,35.6,59.82,0,9.2,West,Basic,6778.47
201400,35.1,87.7,1,7.5,West,Basic,6541.24
